city,temperature,humidity,traffic_speed,free_flow_speed
Paris,24.169660869206986,53,19,16
London,23.63325544794807,43,15,16
Berlin,23.379702024382226,39,14,16
Madrid,27.95651958787044,36,16,16
